File,GroundTruth,LSB_Prediction,DCT_Prediction,CNN_Prediction,LSB_Confidence,DCT_Confidence,CNN_Confidence,LSB_Time,DCT_Time,CNN_Time,Ensemble_Prediction,Ensemble_Confidence
1.bmp,stego,clean,0.20547392061863706,226.40157175064087,stego,0.8367030487416229,10.692327976226807,clean,0.48,1.3990387916564941,clean,0.5073923231200866
1.bmp,clean,clean,0.20547392061863706,296.9296360015869,stego,0.8457547166375291,5.417568683624268,stego,0.56,1.1820974349975586,stego,0.537076212418722
